,Name,City,School district,Rating,Test Scores,College Readiness,Lat,Lon,S-T ratio,White,Asian,Black,Hispanic,Average teacher salary
0,Randolph High School,Randolph,Randolph Township School District,7,7,10,40.846462,-74.56663,11,75%,9%,3%,12%,"68,303"
1,Roxbury High School,Roxbury Township,Roxbury Township School District,4,5,5,40.861923,-74.64078,12,73%,6%,3%,16%,"75,374"
2,Dover High School,Dover,Dover Public School District,4,5,3,40.897945,-74.55969,13,8%,2%,5%,85%,"68,629"
3,Morris Hills High School,Rockaway,Morris Hills Regionalschool District,6,7,7,40.890835,-74.52918,9,49%,11%,3%,36%,"70,438"
4,"Mathematics, Science & Engineering School",Rockaway,Morris County Vocational School District,9,N/A,10,40.890835,-74.52918,6,11%,85%,1%,2%,"99,820"
5,West Morris Mendham High School,Mendham,West Morris Regional High School District,8,8,10,40.77616,-74.59208,13,85%,6%,1%,6%,"72,655"
6,Regional Day School,Morristown,Educational Services Commission Of Morris County School District,N/A,N/A,N/A,40.825626,-74.50166,N/A,42%,4%,13%,33%,"52,530"
7,Morris Hills Adult High School,Rockaway,Morris Hills Regionalschool District,N/A,N/A,N/A,40.8847,-74.5104,N/A,N/A,N/A,N/A,N/A,N/A
8,Morris Knolls High School,Rockaway,Morris Hills Regionalschool District,6,7,7,40.885643,-74.50858,10,78%,6%,2%,12%,"77,221"
9,Park Lake School,Rockaway,Educational Services Commission Of Morris County School District,N/A,N/A,N/A,40.90514,-74.51451,N/A,80%,2%,<1%,17%,"49,467"
10,Morris Co School Of Tech,Denville,Morris County Vocational School District,10,10,10,40.87857,-74.479126,11,62%,23%,1%,11%,"74,729"
11,Morristown High School,Morristown,Morris School District,4,4,6,40.801147,-74.48645,15,54%,5%,9%,32%,"75,240"
12,Mt  Olive High School,Mount Olive Township,Mount Olive Township School District,7,8,7,40.858616,-74.71398,13,68%,11%,6%,13%,"62,442"
13,Hopatcong High School,Hopatcong,Hopatcong Borough School District,4,3,4,40.926636,-74.67085,11,75%,2%,3%,18%,"79,054"
14,Parsippany Hills High School,Morris Plains,Parsippany-Troy Hills Township School District,6,7,8,40.86156,-74.456406,10,43%,39%,3%,12%,"69,295"
15,Lenape Val Regional High School,Stanhope,Lenape Valley Regional Highschool District,5,5,7,40.91974,-74.700325,13,81%,3%,3%,13%,"71,228"
16,West Morris Central High School,Chester,West Morris Regional High School District,8,8,9,40.812294,-74.72927,13,85%,4%,2%,7%,"72,552"
17,Bernards High School,Bernardsville,Somerset Hills Regional School District,7,7,9,40.721363,-74.56713,11,74%,7%,1%,17%,"68,782"
18,Whippany Park High School,Hanover,Hanover Park Regional High School District,7,6,9,40.814217,-74.423706,12,76%,13%,3%,8%,"73,214"
19,Mountain Lakes High School,Mountain Lakes,Mountain Lakes Board Of Education School District,8,9,9,40.89519,-74.42708,11,81%,11%,<1%,5%,"69,561"
20,Parsippany High School,Parsippany-Troy Hills,Parsippany-Troy Hills Township School District,7,8,7,40.869724,-74.391945,10,47%,34%,3%,13%,"72,799"
21,Boonton High School,Boonton,Boonton Town School District,5,5,6,40.90322,-74.40303,11,63%,13%,6%,16%,"72,649"
22,Ridge High School,Bernards,Bernards Township Public School District,9,9,10,40.69436,-74.546875,11,65%,26%,1%,6%,"65,308"
23,Madison High School,Madison,Madison School District,7,8,9,40.770264,-74.40855,13,76%,8%,3%,12%,"77,177"
24,Hanover Park High School,East Hanover,Hanover Park Regional High School District,6,5,8,40.804165,-74.37307,10,79%,9%,4%,7%,"58,018"
25,Academy For Environmental Science,Sparta Township,Morris County Vocational School District,N/A,N/A,N/A,41.016514,-74.553535,N/A,81%,3%,3%,10%,N/A
26,Jefferson Twp High School,Jefferson,Jefferson Township School District,6,7,5,41.01677,-74.55247,16,84%,4%,2%,9%,"90,812"
27,Hackettstown High School,Hackettstown,Hackettstown Public School District,6,7,7,40.84539,-74.83048,13,75%,3%,3%,17%,"72,496"
28,Montville High School,Montville,Montville Township School District,8,7,10,40.893555,-74.36005,9,70%,22%,1%,5%,"50,566"
29,Chatham High School,Chatham Township,The School District Of The Chathams,8,8,10,40.731506,-74.400635,11,83%,10%,1%,4%,"71,079"
30,New Providence High School,New Providence,New Providence Board Of Education School District,8,8,9,40.700607,-74.40872,11,76%,13%,2%,9%,"75,738"
31,Sparta High School,Sparta Township,Sparta Township Public School District,7,7,9,41.054276,-74.62474,12,88%,5%,2%,5%,"76,801"
32,Summit Sr High School,Summit,Summit Public School District,7,8,9,40.72082,-74.37062,13,64%,7%,5%,18%,"66,211"
33,Devel L C  New Providence,New Providence,Morris-Union Jointure Commisson School District,N/A,N/A,N/A,40.698704,-74.392944,N/A,44%,2%,36%,16%,N/A
34,Watchung Hills Reg High School,Warren,Watchung Hills Regional High School District,6,6,9,40.652576,-74.475494,13,67%,17%,3%,10%,"71,297"
35,Livingston Sr  High School,Livingston,Livingston Public School District,8,8,9,40.783974,-74.32099,11,64%,26%,4%,4%,"80,161"
36,Devel L C  Warren,Warren,Morris-Union Jointure Commisson School District,N/A,N/A,N/A,40.6387,-74.51639,N/A,43%,14%,25%,16%,N/A
37,Kinnelon High School,Kinnelon,Kinnelon Board Of Education School District,8,9,9,40.996376,-74.37795,11,87%,5%,1%,6%,"78,229"
38,Governor Livingston High School,New Providence,Berkeley Heights Public School District,7,6,9,40.68716,-74.38688,11,76%,8%,1%,12%,"69,822"
39,James Caldwell High School,West Caldwell,Caldwell-West Caldwell Public School District,7,7,8,40.842136,-74.29638,16,84%,4%,2%,10%,"101,302"
40,Essex County Vocational School,West Caldwell,Essex County Vocational Technical School District,4,4,3,40.85308,-74.29257,7,3%,1%,45%,50%,"114,691"
41,Northern Hill Academy,Sparta Township,Sussex County Educational Services Commission School District,N/A,N/A,N/A,41.07356,-74.66671,N/A,86%,<1%,5%,7%,"62,992"
42,Newton High School,Newton,Newton Public School District,4,5,5,41.050842,-74.7605,11,81%,2%,4%,11%,"72,223"
43,Butler High School,Butler,Butler Public School District,5,6,5,40.99806,-74.33959,10,81%,1%,1%,16%,"71,732"
44,Law & Public Safety,Butler,Morris County Vocational School District,8,N/A,8,40.99806,-74.33959,96,78%,11%,6%,6%,"74,469"
45,Essex Campus Academy,Fairfield,Essex Regional Educational Services Commission School District,N/A,N/A,N/A,40.88666,-74.27318,N/A,11%,<1%,67%,22%,N/A
46,Pequannock Twp High School,Pequannock Township,Pequannock Township School District,7,6,8,40.960556,-74.30568,11,88%,2%,1%,8%,"63,788"
47,Millburn Sr High School,Millburn,Millburn Township School District,8,8,10,40.72049,-74.3157,12,63%,25%,2%,6%,"74,577"
48,West Essex High School,Caldwell,West Essex Regional School District,7,6,8,40.87452,-74.2692,11,84%,5%,2%,8%,"81,097"
49,Scotch Plains Fanwood High School,Scotch Plains,Scotch Plains-Fanwood School District,7,7,8,40.65304,-74.38506,15,71%,7%,10%,9%,"75,168"
50,North Plainfield High School,North Plainfield,North Plainfield Boro School District,4,3,5,40.6227,-74.4397,11,10%,5%,22%,63%,"52,899"
51,Jonathan Dayton High School,Springfield Township,Springfield Public School District,7,7,6,40.706196,-74.31429,12,61%,6%,12%,18%,"74,166"
52,Hillcrest Academy  North,Scotch Plains,Union County Educational Services Commission School District,N/A,N/A,N/A,40.654877,-74.373634,N/A,5%,2%,28%,65%,"79,714"
53,E S C Tewksbury,Califon,Hunterdon County Educational Services Commission School District,N/A,N/A,N/A,40.700714,-74.86465,N/A,<1%,<1%,<1%,100,"97,300"
54,West Orange High School,West Orange,West Orange Public School District,4,5,4,40.80668,-74.26021,11,19%,6%,46%,28%,"66,967"
55,Sussex Cty Tech High School,Sparta Township,Sussex County Technical School District,5,4,7,41.097443,-74.65212,11,91%,1%,1%,6%,"65,367"
56,Brdgwtr  Raritn High School,Bridgewater Township,Bridgewater-Raritan Regional School District,7,8,8,40.59282,-74.633385,12,57%,25%,3%,13%,"58,598"
57,Somerset Co Voc Tech High School,Bridgewater Township,Somerset County Vocational And Technical School District,6,6,7,40.588135,-74.604515,6,46%,24%,9%,19%,"66,800"
58,Verona High School,Verona,Verona  Public School District,8,7,9,40.841278,-74.24804,12,81%,6%,3%,9%,"64,572"
59,Boaacd,Plainfield,Plainfield Public School District,N/A,N/A,N/A,40.60489,-74.447655,N/A,<1%,<1%,42%,54%,"69,263"
60,Somerville High School,Somerville,Somerville Borough School District,6,6,8,40.57862,-74.61149,13,63%,8%,7%,20%,"71,673"
61,Paaas,Plainfield,Plainfield Public School District,5,5,4,40.597847,-74.45505,10,1%,1%,42%,57%,"70,207"
62,Voorhees High School,Glen Gardner,North Hunterdon-Voorhees Regional High School District,8,8,9,40.69577,-74.88688,12,87%,4%,2%,6%,"70,804"
63,Columbia Senior High School,Maplewood,South Orange-Maplewood School District,6,7,7,40.735447,-74.26636,13,51%,4%,38%,6%,"71,991"
64,Dunellen High School,Dunellen,Dunellen Public School District,4,5,4,40.592236,-74.46804,10,39%,6%,9%,46%,"64,686"
65,Plainfield High School,Plainfield,Plainfield Public School District,1,1,1,40.61144,-74.4133,15,<1%,<1%,27%,72%,"87,010"
66,Westfield Senior High School,Westfield,Westfield Public School District,7,6,10,40.644764,-74.34928,12,85%,7%,3%,5%,"80,026"
67,Essex Jr Academy,Cedar Grove,Essex Regional Educational Services Commission School District,N/A,N/A,N/A,40.850964,-74.23009,N/A,<1%,<1%,87%,13%,N/A
68,Union Senior High School,Union,Twp Of Union Board Of Education School District,4,4,4,40.703575,-74.28377,12,19%,9%,49%,21%,"69,811"
69,Middlesex High School,Middlesex,Middlesex Borough Public School District,6,6,7,40.58247,-74.49464,10,55%,7%,7%,29%,"69,709"
70,Pompton Lakes High School,Pompton Lakes,Pompton Lakes Boro School District,7,7,7,41.004513,-74.28863,11,74%,5%,2%,17%,"72,678"
71,Cedar Grove High School,Cedar Grove,Cedar Grove Township School District,7,7,7,40.85137,-74.22336,11,85%,6%,1%,8%,"68,304"
72,Orange High School,City of Orange,Orange Board Of Education School District,3,3,3,40.765804,-74.23951,10,<1%,<1%,68%,31%,"60,103"
73,David Brearley High School,Kenilworth,Kenilworth School District,2,2,3,40.679707,-74.2955,11,57%,3%,11%,28%,"71,775"
74,Cranford Sr High School,Cranford,Cranford Public School District,7,8,7,40.662098,-74.31323,11,85%,3%,5%,7%,"68,791"
75,West Milford High School,West Milford,West Milford Township Public School District,5,5,7,41.07916,-74.38108,11,90%,2%,1%,7%,"77,236"
76,Bound Brook High School,Bound Brook,Bound Brook School District,2,3,2,40.56763,-74.53635,13,18%,1%,14%,65%,"52,496"
77,Orange Alternative High School,City of Orange,Orange Board Of Education School District,N/A,N/A,N/A,40.77606,-74.22971,N/A,N/A,N/A,77%,23%,"72,935"
78,Warren Co Spec Ser School,Mansfield Township,Warren County Special Services School District,N/A,N/A,N/A,40.81971,-74.96367,N/A,80%,<1%,7%,13%,"54,887"
79,Passaic Valley High School,Little Falls,Passaic Valley Regional High School District #1,4,4,5,40.879005,-74.21701,13,62%,4%,3%,29%,"89,296"
80,Wayne Valley High School,Wayne,Wayne Township Public School District,7,7,8,40.930695,-74.23068,11,81%,7%,2%,10%,"77,651"
81,Montclair High School,Montclair,Montclair Public School District,6,7,7,40.82324,-74.2128,13,48%,6%,29%,12%,"82,218"
82,Somerset Secondary Academy,Bridgewater Township,Somerset County Educational Services Commission School District,N/A,N/A,N/A,40.55729,-74.58396,N/A,9%,N/A,67%,24%,"60,731"
83,The Career Center Of The Scesc,Bridgewater Township,Somerset County Educational Services Commission School District,N/A,N/A,N/A,40.55729,-74.58396,N/A,<1%,9%,82%,9%,N/A
84,Union Cty Magnet High School,Scotch Plains,Union County Vocational-Technical School District,10,10,10,40.61805,-74.35703,11,38%,35%,9%,15%,"58,352"
85,Union County Vocational Technical School,Scotch Plains,Union County Vocational-Technical School District,10,9,10,40.61805,-74.35703,6,46%,9%,19%,24%,"61,387"
86,Academy For Allied Hlth Sci,Scotch Plains,Union County Vocational-Technical School District,10,10,10,40.61805,-74.35703,12,39%,26%,15%,18%,"64,751"
87,Academy For Info Tech,Scotch Plains,Union County Vocational-Technical School District,10,10,10,40.61805,-74.35703,11,49%,23%,8%,18%,"61,226"
88,Academy For Perform Arts,Scotch Plains,Union County Vocational-Technical School District,10,9,10,40.61805,-74.35703,12,47%,4%,15%,29%,"55,455"
89,Union County Career & Technical Institute,Scotch Plains,Union County Vocational-Technical School District,N/A,N/A,N/A,40.61805,-74.35703,N/A,50%,6%,13%,31%,N/A
90,South Plainfield High School,South Plainfield,South Plainfield Public School District,6,7,5,40.58916,-74.41244,12,44%,14%,15%,26%,"66,106"
91,Kittatinny Reg High School,Newton,Kittatinny Regional School District,5,5,8,41.107796,-74.764244,9,94%,1%,<1%,4%,"71,338"
92,Wayne Hills High School,Wayne,Wayne Township Public School District,7,7,8,40.968346,-74.23903,11,80%,11%,2%,7%,"78,856"
93,Irvington High School,Irvington,Irvington Board Of Education School District,2,2,1,40.72974,-74.23432,13,N/A,<1%,83%,16%,"84,267"
94,Glen Ridge High School,Glen Ridge,Glen Ridge Public School District,8,9,9,40.799328,-74.20647,9,77%,5%,5%,6%,"77,383"
95,Westlake School  Westfield,Westfield,Union County Educational Services Commission School District,N/A,N/A,N/A,40.6256,-74.32791,N/A,36%,7%,38%,19%,"91,949"
96,Lamberts Mill Academy,Westfield,Union County Educational Services Commission School District,N/A,N/A,N/A,40.6256,-74.32791,N/A,35%,2%,33%,28%,"67,964"
97,Hillcrest Academy  South,Westfield,Union County Educational Services Commission School District,N/A,N/A,N/A,40.6256,-74.32791,N/A,5%,N/A,47%,48%,"71,578"
98,East Orange Campus High School,East Orange,East Orange School District,1,1,1,40.776096,-74.20746,14,<1%,<1%,90%,9%,"86,654"
99,Cicely Tyson Middle/High School,East Orange,East Orange School District,5,5,5,40.76401,-74.21066,9,<1%,N/A,93%,7%,"75,408"
100,East Orange Campus 9,East Orange,East Orange School District,6,7,4,40.776863,-74.20372,13,1%,<1%,94%,5%,"70,072"
101,Bloomfield High School,Bloomfield,Bloomfield Board Of Education School District,3,4,3,40.799458,-74.19748,10,26%,7%,28%,38%,"70,807"
102,Manville High School,Manville,Manville Board Of Education School District,5,5,5,40.544563,-74.59823,11,48%,2%,7%,42%,"75,052"
103,Roselle Park High School,Roselle Park,Roselle Park Board Of Education School District,5,5,5,40.666016,-74.271385,9,32%,6%,10%,51%,"75,496"
104,Warren Hills Reg High School,Washington,Warren Hills Regional School District,5,5,7,40.774395,-74.98389,13,78%,4%,6%,11%,"79,317"
105,Passaic Co Tech Institute,Wayne,Passaic County Vocational School District,7,7,7,40.9309,-74.20238,10,17%,10%,11%,61%,"77,509"
106,Wallkill Valley Reg High School,Hamburg,Wallkill Valley Regional High School District,4,4,6,41.154102,-74.59093,12,82%,2%,4%,10%,"85,727"
107,Arthur L  Johnson High School,Clark,Clark Township Public School District,4,4,6,40.62265,-74.31266,11,86%,2%,2%,9%,"63,560"
108,Essex Cty Voc Bloomfield,Bloomfield,Essex County Vocational Technical School District,7,7,5,40.788113,-74.19032,12,1%,1%,40%,57%,"68,662"
109,Hillside High School,Hillside,Hillside Board Of Education School District,3,3,2,40.691326,-74.236015,10,8%,1%,68%,21%,"72,817"
110,North Hunterdon Reg High School,Clinton Township,North Hunterdon-Voorhees Regional High School District,8,8,9,40.628036,-74.88348,13,86%,6%,3%,5%,"72,872"
111,N J Reg Day School  Newark,Newark,The Newark Public School District,N/A,N/A,N/A,40.713177,-74.220116,N/A,8%,<1%,60%,31%,"66,677"
112,Newark Vocational High School,Newark,The Newark Public School District,1,1,1,40.742237,-74.20353,12,N/A,N/A,87%,13%,"80,707"
113,Newark Early College High School,Newark,The Newark Public School District,2,2,1,40.742237,-74.20353,11,<1%,1%,88%,11%,"69,764"
114,School Of Education And Training,Paterson,Paterson Public School District,1,1,1,40.91453,-74.1873,10,8%,15%,19%,58%,"63,629"
115,School Of Science Tech Engineer Math,Paterson,Paterson Public School District,2,2,2,40.91453,-74.1873,11,8%,23%,18%,51%,"59,024"
116,School Of Archit Construction Trades,Paterson,Paterson Public School District,1,1,1,40.91453,-74.1873,8,6%,2%,18%,74%,"59,267"
117,School Of Bus Tech Mrkting Finance,Paterson,Paterson Public School District,1,1,1,40.91453,-74.1873,10,2%,6%,30%,62%,"57,647"
118,Weequahic High School,Newark,The Newark Public School District,1,1,1,40.709305,-74.22004,10,<1%,N/A,91%,9%,"80,194"
119,Eagle Academy,Newark,The Newark Public School District,3,2,N/A,40.709305,-74.22004,11,1%,<1%,90%,8%,"71,590"
120,University High School,Newark,The Newark Public School District,3,3,3,40.721367,-74.211235,13,1%,1%,82%,16%,"74,927"
121,John F Kennedy,Newark,The Newark Public School District,N/A,N/A,N/A,40.74219,-74.20017,N/A,<1%,<1%,<1%,100,"74,075"
122,Piscataway Twp High School,Piscataway,Piscataway Township School District,5,5,6,40.545734,-74.47106,13,15%,28%,35%,20%,"77,093"
123,Lakeland Reg High School,Wanaque,Lakeland Regional High School District,6,7,6,41.05925,-74.28275,10,79%,4%,2%,12%,"69,481"
124,Abraham Clark High School,Roselle,Roselle Public School District,2,2,2,40.65354,-74.26167,11,3%,1%,59%,36%,"93,073"
125,International High School,Paterson,Paterson Public School District,3,3,2,40.90938,-74.17969,9,3%,4%,30%,63%,"54,001"
126,Garrett Morgan Academy,Paterson,Paterson Public School District,N/A,N/A,N/A,40.90938,-74.17969,N/A,3%,3%,20%,74%,"64,619"
127,J P Stevens High School,Edison,Edison Township Public School District,7,8,10,40.580265,-74.361496,15,13%,75%,7%,4%,"85,521"
128,Bard Early College High School,Newark,The Newark Public School District,5,6,2,40.734924,-74.195465,13,3%,2%,62%,33%,"77,497"
129,Fast Track Success Academy,Newark,The Newark Public School District,N/A,N/A,N/A,40.727352,-74.195465,N/A,2%,N/A,81%,16%,"58,421"
130,Newark Innovation Academy,Newark,The Newark Public School District,N/A,N/A,N/A,40.727352,-74.195465,N/A,<1%,<1%,82%,18%,N/A
131,Central High School,Newark,The Newark Public School District,1,1,1,40.729614,-74.19358,10,<1%,<1%,90%,10%,"73,027"
132,Raymond Lesniak Energy Strength Hope Recovery High School,Union,Union County Vocational-Technical School District,N/A,N/A,N/A,40.676456,-74.22848,N/A,67%,<1%,33%,<1%,N/A
133,Newark Leadership Academy,Newark,The Newark Public School District,1,N/A,1,40.732944,-74.191246,6,<1%,<1%,89%,11%,"79,523"
134,Indian Hills High School,Oakland,Ramapo Indian Hills Regional High School District,7,7,9,41.022625,-74.23127,12,86%,4%,1%,7%,"73,383"
135,Clifton High School,Clifton,Clifton Public School District,3,4,3,40.869644,-74.16335,13,32%,6%,5%,56%,"72,566"
136,Barringer High School,Newark,The Newark Public School District,1,1,1,40.75542,-74.179855,13,1%,<1%,40%,59%,"80,150"
137,Barringer Academy Of S.T.E.A.M.,Newark,The Newark Public School District,1,1,1,40.75542,-74.179855,11,<1%,1%,17%,81%,"64,174"
138,Harp Health& Related Prof Academy,Paterson,Paterson Public School District,4,5,4,40.9171,-74.1713,7,5%,8%,19%,67%,"58,451"
139,Alternative High School - Yes Academy,Paterson,Paterson Public School District,N/A,N/A,N/A,40.9171,-74.1713,N/A,1%,2%,55%,41%,"56,112"
140,Science High School,Newark,The Newark Public School District,9,9,9,40.73994,-74.18546,14,17%,3%,33%,45%,"78,657"
141,Adult High School,Paterson,Paterson Public School District,N/A,N/A,N/A,40.917297,-74.170944,N/A,N/A,N/A,N/A,N/A,N/A
142,Linden High School,Linden,Linden City Board Of Education School District,3,3,2,40.634743,-74.26507,12,17%,2%,39%,40%,"81,933"
143,Manchester Reg High School,Haledon,Passaic County Manchester Regional High School District,3,3,2,40.94157,-74.17858,17,17%,4%,19%,59%,"97,781"
144,Rahway High School,Rahway,Rahway Public School District,3,3,2,40.610832,-74.29413,10,14%,3%,40%,42%,"98,079"
145,Panther,Paterson,Paterson Public School District,2,2,1,40.9167,-74.16813,8,5%,4%,33%,58%,"62,338"
146,Nutley High School,Nutley,Nutley Public School District,5,6,6,40.8173,-74.16015,15,66%,12%,2%,20%,"74,936"
147,Colonia High School,Colonia,Woodbridge Township School District,4,4,5,40.5921,-74.3197,10,52%,17%,13%,18%,"74,491"
148,American History High School,Newark,The Newark Public School District,3,3,2,40.730576,-74.18647,12,2%,<1%,69%,28%,"72,723"
149,West Market Street Vocational School,Newark,Essex County Vocational Technical School District,6,6,4,40.74026,-74.1817,14,1%,1%,54%,44%,"76,032"
150,Franklin Twp High School,Franklin Township,Franklin Township Public School District,4,5,4,40.52023,-74.55237,12,12%,14%,40%,33%,"58,222"
151,Belleville Sr  High School,Belleville,Belleville Public School District,3,3,2,40.802998,-74.16161,10,15%,12%,9%,64%,"94,345"
152,Malcolm X Shabazz High School,Newark,The Newark Public School District,1,1,1,40.71825,-74.1917,11,1%,N/A,91%,8%,"84,978"
153,Nuview Academy,Piscataway,Educational Services Commission Of New Jersey,N/A,N/A,N/A,40.52635,-74.48984,N/A,19%,<1%,39%,39%,"60,915"
154,N Warren Reg High School,Blairstown,North Warren Regional School District,5,6,7,40.981884,-74.9908,11,90%,1%,2%,5%,"68,011"
155,Arts High School,Newark,The Newark Public School District,3,3,2,40.73405,-74.1801,13,8%,<1%,59%,32%,"74,174"
156,Technology High School,Newark,The Newark Public School District,7,8,4,40.75738,-74.16909,11,13%,3%,14%,68%,"68,985"
157,A Hamilton Preparatory Academy,Elizabeth,Elizabeth Public School District,7,7,5,40.668,-74.221924,13,7%,1%,14%,77%,"75,181"
158,High School Of Info Tech,Paterson,Paterson Public School District,1,1,2,40.914307,-74.15987,10,<1%,<1%,14%,85%,"51,148"
159,High School Hospitality Tour & Culinary Arts,Paterson,Paterson Public School District,1,1,2,40.914307,-74.15987,11,1%,<1%,31%,68%,"56,188"
160,High School Govern & Public Admin,Paterson,Paterson Public School District,1,1,1,40.914307,-74.15987,11,1%,N/A,14%,85%,"64,749"
161,Ramapo High School,Franklin Lakes,Ramapo Indian Hills Regional High School District,7,7,10,40.998135,-74.19261,12,89%,5%,1%,4%,"87,368"
162,Bright Beginnings Lrn Cnt,Piscataway,Educational Services Commission Of New Jersey,N/A,N/A,N/A,40.531918,-74.41968,N/A,18%,13%,24%,43%,"54,171"
163,N J Reg Day  Piscataway,Piscataway,Educational Services Commission Of New Jersey,N/A,N/A,N/A,40.531002,-74.41972,N/A,19%,17%,18%,46%,"56,721"
164,T Jefferson Arts Academy,Elizabeth,Elizabeth Public School District,2,2,1,40.663166,-74.21101,11,9%,1%,22%,68%,"74,212"
165,Elizabeth High School,Elizabeth,Elizabeth Public School District,8,9,6,40.663425,-74.2105,22,12%,5%,11%,71%,"78,506"
166,John E Dwyer Tech Academy,Elizabeth,Elizabeth Public School District,2,2,1,40.66036,-74.212425,12,6%,2%,22%,70%,"76,938"
167,Raritan Valley Academy,Piscataway,Educational Services Commission Of New Jersey,N/A,N/A,N/A,40.52999,-74.41854,N/A,18%,<1%,55%,27%,"90,546"
168,Hawthorne High School,Hawthorne,Hawthorne Board Of Education School District,3,4,4,40.953392,-74.15968,12,64%,3%,4%,29%,"72,970"
169,Adm  W F Halsey Leadership Academy,Elizabeth,Elizabeth Public School District,1,1,1,40.65917,-74.21203,11,5%,<1%,17%,77%,"76,589"
170,Warren County Institute Vocational School,Washington,Warren County Technical School District,4,3,7,40.74206,-75.0241,11,77%,<1%,7%,14%,"57,489"
171,Metuchen High School,Metuchen,Metuchen Public School District,8,8,9,40.553665,-74.35447,14,63%,22%,5%,9%,"76,259"
172,Rosa Parks Arts High School,Paterson,Paterson Public School District,3,3,4,40.91975,-74.14638,8,2%,1%,43%,55%,"66,558"
173,Piscataway Vocational School,Piscataway,Middlesex County Vocational And Technical School District,3,3,4,40.524918,-74.4281,10,12%,6%,13%,70%,"65,511"
174,Mdsx Co Voc Pisc Career Develop,Piscataway,Middlesex County Vocational And Technical School District,2,1,4,40.524918,-74.4281,10,34%,N/A,18%,48%,"73,184"
175,Kearny High School,Kearny,Kearny School District,3,3,3,40.76184,-74.14721,12,37%,2%,2%,60%,"76,651"
176,Academy High School,Paterson,Paterson Public School District,N/A,N/A,N/A,40.91606,-74.14183,N/A,4%,5%,33%,58%,"46,161"
177,T A Edison Career Tech Academy,Elizabeth,Elizabeth Public School District,1,1,1,40.650738,-74.2116,7,5%,1%,19%,75%,"76,323"
178,Harrison High School,Harrison,Harrison Public School District,3,3,3,40.74978,-74.14767,13,19%,4%,2%,75%,"83,368"
179,East Side High School,Newark,The Newark Public School District,1,2,1,40.724022,-74.15872,16,25%,1%,12%,62%,"73,339"
180,John F Kennedy Mem High School,Woodbridge Township,Woodbridge Township School District,5,5,6,40.57249,-74.30364,11,23%,42%,9%,25%,"72,501"
181,Passaic High School,Passaic,Passaic City Public School District,2,2,2,40.856785,-74.12763,13,1%,2%,4%,93%,"75,025"
182,North Arlington High School,North Arlington,North Arlington School District,5,5,5,40.789085,-74.13235,10,60%,3%,2%,35%,"55,203"
183,Garfield Auxiliary Ms-High School,Clifton,Garfield Public School District,N/A,N/A,N/A,40.879166,-74.12705,N/A,15%,<1%,27%,54%,"75,088"
184,Academy Of Finance,Elizabeth,Elizabeth Public School District,N/A,N/A,N/A,40.644806,-74.20959,N/A,5%,1%,21%,73%,N/A
185,Lyndhurst High School,Lyndhurst,Lyndhurst School District,5,5,5,40.809044,-74.127205,12,61%,3%,3%,32%,"76,278"
186,Hope Academy,Passaic,Passaic County Educational Services Commission School District,N/A,N/A,N/A,40.87017,-74.125145,N/A,<1%,<1%,23%,77%,"50,854"
187,Hillsborough High School,Hillsborough Township,Hillsborough Township Public School District,8,8,10,40.496105,-74.65596,13,65%,21%,6%,8%,"82,666"
188,Memorial Sr  High School,Elmwood Park,Elmwood Park Board Of Education School District,4,4,3,40.909588,-74.12959,12,38%,10%,11%,40%,"52,252"
189,High Point Regional High School,Wantage,High Point Regional High School District,4,5,5,41.19985,-74.646126,11,88%,2%,3%,7%,"84,452"
190,Essex High School,Passaic,Essex Regional Educational Services Commission School District,N/A,N/A,N/A,40.867817,-74.117874,N/A,<1%,<1%,56%,44%,N/A
191,Belvidere High School,Belvidere,Belvidere School District,5,5,6,40.824932,-75.066666,11,87%,1%,1%,7%,"87,235"
192,Fair Lawn High School,Fair Lawn,Fair Lawn Public School District,8,8,9,40.932587,-74.12459,13,65%,12%,3%,19%,"80,431"
193,Garfield High School,Garfield,Garfield Public School District,2,N/A,2,40.882687,-74.112526,10,36%,1%,8%,55%,"67,049"
194,Woodbridge High School,Woodbridge Township,Woodbridge Township School District,3,2,4,40.566853,-74.28487,11,37%,12%,16%,33%,"74,053"
195,Rutherford High School,Rutherford,Rutherford Public School District,5,6,6,40.828842,-74.1084,10,55%,18%,3%,21%,"75,904"
196,Wallington Jr Sr High School,Wallington,Wallington Boro School District,5,6,6,40.854916,-74.106834,12,69%,3%,2%,25%,"86,973"
197,Highland Park High School,Highland Park,Highland Park Board Of Education School District,6,6,8,40.502502,-74.42558,10,41%,23%,10%,22%,"78,223"
198,Edison High School,Edison,Edison Township Public School District,5,5,7,40.514385,-74.386314,13,29%,37%,14%,19%,"80,971"
199,Bartels Corner,Flemington,Hunterdon County Vocational School District,N/A,N/A,N/A,40.535923,-74.85513,N/A,100,<1%,<1%,<1%,N/A
200,Hunterdon County Polytech,Flemington,Hunterdon County Vocational School District,N/A,N/A,N/A,40.535778,-74.85515,N/A,N/A,N/A,N/A,N/A,N/A
201,Glen Rock High School,Glen Rock,Glen Rock Public School District,8,8,10,40.9557,-74.1229,10,84%,10%,1%,3%,"76,171"
202,New Brunswick High School,New Brunswick,New Brunswick Public School District,2,3,1,40.4806,-74.4806,13,1%,1%,12%,87%,"79,832"
203,Midland Park High School,Midland Park,Midland Park Public School District,5,7,7,41.000145,-74.136566,9,83%,4%,1%,12%,"58,935"
204,Henry P Becton Reg High School,East Rutherford,Carlstadt-East Rutherford Regional High School District,4,4,5,40.8322,-74.0932,11,49%,9%,7%,34%,"109,066"
205,Hunterdon County Vocational School,Flemington,Hunterdon County Vocational School District,N/A,N/A,N/A,40.521286,-74.84863,N/A,<1%,<1%,<1%,100,N/A
206,Academy of Science Vocational School,Edison,Middlesex County Vocational And Technical School District,10,10,10,40.5062,-74.3695,14,10%,84%,N/A,5%,"75,633"
207,Reaching Individual Student Excellence,Woodbridge Township,Woodbridge Township School District,N/A,N/A,N/A,40.571793,-74.24187,N/A,32%,16%,28%,24%,N/A
208,Saddle Brook Mid  High School,Saddle Brook,Saddle Brook Township Board Of Education School District,5,6,3,40.904903,-74.090866,11,66%,8%,4%,22%,"56,940"
209,Waldwick High School,Waldwick,Waldwick School District,6,8,7,41.011703,-74.133446,11,79%,5%,3%,14%,"77,457"
210,Lodi High School,Lodi,Lodi Public School District,5,6,5,40.886642,-74.08701,13,26%,6%,11%,54%,"53,868"
211,Carteret High School,Carteret,Carteret Public School District,3,4,2,40.58031,-74.22738,12,12%,23%,20%,44%,"57,730"
212,Hunterdon Central High School,Flemington,Hunterdon Central Regional High School District,7,8,9,40.51712,-74.8519,12,80%,6%,3%,9%,"69,745"
213,Wood  Ridge High School,Wood-Ridge,Wood-Ridge Board Of Education School District,4,5,6,40.84812,-74.08023,12,65%,7%,5%,24%,"56,061"
214,Northern Highlands Reg High School,Allendale,Northern Highlands Regional High School District,8,8,10,41.03572,-74.14377,12,81%,12%,1%,5%,"80,303"
215,Mdsx Co Voc Health Biomed,Woodbridge Township,Middlesex County Vocational And Technical School District,10,10,10,40.54064,-74.27835,17,14%,75%,4%,6%,"108,801"
216,Lodi Annex,Lodi,South  Bergen Jointure Commission School District,N/A,N/A,N/A,40.87604,-74.080444,N/A,57%,5%,7%,29%,"68,542"
217,Ridgewood High School,Ridgewood,Ridgewood Public School District,9,8,9,40.977753,-74.10559,11,68%,16%,1%,11%,"79,773"
218,Applied Technology High School,Paramus,Bergen County Vocational Technical School District,N/A,N/A,N/A,40.95167,-74.0939,N/A,57%,8%,2%,29%,"47,841"
219,Hasbrouck Heights High School,Hasbrouck Heights,Hasbrouck Heights Board Of Education School District,6,6,7,40.866512,-74.073975,14,56%,15%,4%,25%,"78,181"
220,Bayonne High School,Bayonne,Bayonne Board Of Education School District,4,5,3,40.67173,-74.12158,14,41%,8%,10%,39%,"72,830"
221,Bayonne Academy,Bayonne,Hudson County School District Of Technology,N/A,N/A,N/A,40.67173,-74.12158,N/A,N/A,N/A,N/A,100,"53,010"
222,Acc. Eve. High School and Community Education,Bayonne,Bayonne Board Of Education School District,N/A,N/A,N/A,40.671856,-74.12102,N/A,N/A,N/A,N/A,N/A,N/A
223,Ramsey High School,Ramsey,Ramsey Public School District,7,7,9,41.056854,-74.13442,9,82%,7%,<1%,9%,"87,550"
224,Perth Amboy High School,Perth Amboy,Perth Amboy Public School District,2,3,1,40.52365,-74.270294,9,2%,<1%,5%,93%,"65,253"
225,North Brunswick Twp High School,North Brunswick Township,North Brunswick Township Public School District,4,5,4,40.45293,-74.46923,13,20%,23%,22%,33%,"71,602"
226,Infinity Institute,Jersey City,Jersey City Public School District,9,10,10,40.69634,-74.09414,10,18%,27%,25%,28%,"55,395"
227,Technical School  Teterboro,Teterboro,Bergen County Vocational Technical School District,10,10,10,40.86044,-74.054794,10,40%,31%,5%,19%,"85,300"
228,Vernon Twp High School,Vernon Valley,Vernon Township School District,6,6,9,41.247356,-74.49191,10,84%,2%,3%,10%,"78,787"
229,Henry Snyder High School,Jersey City,Jersey City Public School District,2,2,1,40.710396,-74.084625,11,4%,5%,64%,23%,"45,294"
230,Innovation High School,Jersey City,Jersey City Public School District,N/A,N/A,N/A,40.710396,-74.084625,N/A,15%,18%,35%,31%,N/A
231,Liberty High School,Jersey City,Jersey City Public School District,7,7,6,40.732437,-74.07412,7,18%,17%,25%,39%,"49,319"
232,Mahwah High School,Mahwah,Mahwah Township Public School District,8,8,9,41.092106,-74.15818,9,77%,10%,3%,7%,"75,050"
233,Paramus High School,Paramus,Paramus Public School District,7,7,8,40.928326,-74.06127,11,59%,28%,2%,11%,"68,446"
234,Hackensack High School,Hackensack,Hackensack City School District,5,6,4,40.8855,-74.052,13,16%,6%,22%,55%,"88,747"
235,Secaucus High School,Secaucus,Secaucus Board Of Education School District,6,6,8,40.80336,-74.05089,13,40%,22%,3%,34%,"86,358"
236,Perth Amboy Acc. Adult High School,Perth Amboy,Perth Amboy Public School District,N/A,N/A,N/A,40.5123,-74.2689,N/A,N/A,N/A,N/A,N/A,N/A
237,Lincoln High School,Jersey City,Jersey City Public School District,2,3,1,40.717422,-74.07008,8,4%,5%,62%,28%,"43,601"
238,Perth Amboy Vocational School,Perth Amboy,Middlesex County Vocational And Technical School District,3,3,4,40.51412,-74.26282,13,14%,2%,7%,76%,"70,156"
239,Prog 6  Autistic,Paramus,Bergen County Special Services School District,N/A,N/A,N/A,40.95605,-74.057915,N/A,39%,14%,10%,36%,"67,468"
240,Prog 1  Hearing Impaired,Paramus,Bergen County Special Services School District,N/A,N/A,N/A,40.95605,-74.057915,N/A,28%,10%,7%,54%,"79,870"
241,Prog 3  Emotionally Distur,Paramus,Bergen County Special Services School District,N/A,N/A,N/A,40.95605,-74.057915,N/A,28%,6%,26%,39%,"92,745"
242,Prog 5  Life Skills,Paramus,Bergen County Special Services School District,N/A,N/A,N/A,40.95605,-74.057915,N/A,43%,10%,15%,31%,"89,236"
243,Prog 2  Multiply Handicapd,Paramus,Bergen County Special Services School District,N/A,N/A,N/A,40.95605,-74.057915,N/A,35%,2%,15%,48%,"87,919"
244,Technical School  Paramus,Paramus,Bergen County Vocational Technical School District,1,1,2,40.958527,-74.05859,4,57%,14%,<1%,29%,"139,444"
245,Paramus Vocational School,Paramus,Bergen County Vocational Technical School District,N/A,N/A,N/A,40.958527,-74.05859,N/A,50%,2%,8%,39%,"43,238"
246,N A Bleshman Reg Day Para,Paramus,Bergen County Special Services School District,N/A,N/A,N/A,40.956642,-74.057495,N/A,33%,10%,14%,42%,"173,691"
247,Bergen Co Juvenile Detention Center,Paramus,Office Of Education Juvenile Justice Commission School District,N/A,N/A,N/A,40.95628,-74.056984,N/A,N/A,N/A,38%,62%,"18,000"
248,N J Reg Day  Jersey City,Jersey City,Jersey City Public School District,N/A,N/A,N/A,40.71577,-74.062035,N/A,12%,17%,33%,34%,"76,353"
249,County Prep High School,Jersey City,Hudson County School District Of Technology,8,8,7,40.72168,-74.05948,8,21%,24%,13%,38%,"81,799"
250,Academy of Technology Design,Jersey City,Hudson County School District Of Technology,5,N/A,9,40.72168,-74.05948,55,15%,12%,20%,53%,"96,013"
251,Westwood Junior  Senior High School,Township of Washington,Westwood Regional School District,6,7,8,40.979664,-74.061134,9,75%,7%,4%,13%,"68,527"
252,Adult Evening High School,Jersey City,Jersey City Public School District,N/A,N/A,N/A,40.72999,-74.05528,N/A,N/A,N/A,N/A,N/A,N/A
253,Delaware Valley Reg High School,Frenchtown,Delaware Valley Regional High School District,5,5,8,40.5627,-75.005745,12,93%,1%,2%,4%,"65,517"
254,William L. Dickinson High School,Jersey City,Jersey City Public School District,2,3,1,40.7298,-74.05384,11,14%,23%,15%,48%,"55,245"
255,Evening Vocational-Technical School,Hackensack,Bergen County Vocational Technical School District,N/A,N/A,N/A,40.902306,-74.034096,N/A,N/A,N/A,N/A,N/A,N/A
256,Bergen Academies,Hackensack,Bergen County Vocational Technical School District,10,10,10,40.90174,-74.03359,10,35%,51%,1%,8%,"87,133"
257,James J. Ferris High School,Jersey City,Jersey City Public School District,2,3,1,40.721718,-74.05287,8,13%,9%,25%,53%,"48,860"
258,Jose Marti Freshman Academy,Union City,Union City School District,3,3,N/A,40.765907,-74.03801,13,2%,1%,<1%,96%,"74,703"
259,Union City High School,Union City,Union City School District,4,5,2,40.770374,-74.03676,15,2%,1%,1%,96%,"72,857"
260,Dr. Ronald Mc Nair Academy High School,Jersey City,Jersey City Public School District,10,10,10,40.72683,-74.0474,11,19%,46%,16%,18%,"47,719"
261,River Dell Regional High School,Oradell,River Dell Regional School District,7,7,9,40.94431,-74.03635,12,69%,19%,2%,9%,"87,233"
262,Bogota Jr   Sr  High School,Bogota,Bogota Public School District,5,6,5,40.877644,-74.023315,13,18%,7%,8%,65%,"66,740"
263,Hoboken High School,Hoboken,Hoboken Public School District,3,3,3,40.7475,-74.0331,11,15%,<1%,21%,63%,"77,578"
264,War Memorial High School,Sayreville,Sayreville Public School District,4,4,5,40.463036,-74.317276,13,44%,16%,16%,21%,"49,871"
265,Ridgefield Park Jr Sr High School,Ridgefield Park,Ridgefield Park Township School District,5,5,5,40.858795,-74.0139,12,28%,12%,5%,54%,"78,624"
266,South River High School,South River,South River Public School District,4,5,3,40.43955,-74.38046,12,53%,4%,8%,34%,"74,826"
267,South Amboy High School,South Amboy,South Amboy School District,2,3,3,40.481,-74.2743,12,58%,4%,9%,29%,"60,089"
268,High Tech High School,North Bergen,Hudson County School District Of Technology,8,8,9,40.810318,-74.014404,12,31%,19%,7%,42%,"85,179"
269,Knowledge Advanced Skills,North Bergen,Hudson County School District Of Technology,1,N/A,1,40.810318,-74.014404,6,22%,N/A,17%,61%,"37,594"
270,Montgomery High School,Skillman,Montgomery Township School District,9,9,10,40.4174,-74.7063,14,47%,44%,3%,5%,"73,031"
271,HCST Adult Evening & Adult High School,North Bergen,Hudson County School District Of Technology,N/A,N/A,N/A,40.8096,-74.0142,N/A,N/A,N/A,N/A,N/A,N/A
272,East Brunswick High School,East Brunswick,East Brunswick Public School District,7,5,10,40.43283,-74.39824,13,56%,31%,5%,8%,"99,196"
273,North Bergen High School,North Bergen,North Bergen School District,3,3,2,40.801537,-74.01395,15,8%,2%,1%,88%,"76,312"
274,Weehawken High School,Weehawken,Weehawken Board Of Education School District,4,5,6,40.77389,-74.017944,11,25%,6%,5%,62%,"64,894"
275,New Milford High School,New Milford,New Milford School District,7,7,7,40.941883,-74.0217,11,52%,12%,5%,22%,"63,153"
276,Memorial High School,West New York,West New York Board Of Education School District,3,3,2,40.78346,-74.01266,13,4%,1%,1%,95%,"76,307"
277,Teaneck Sr High School,Teaneck,Teaneck Public School District,5,6,4,40.89116,-74.00838,11,11%,9%,41%,34%,"85,701"
278,Center For Life Long Learning,Sayreville,Educational Services Commission Of New Jersey,N/A,N/A,N/A,40.45186,-74.32317,N/A,31%,12%,23%,33%,"50,445"
279,Slocum  Skewes School,Ridgefield,Ridgefield Public School District,8,8,N/A,40.836372,-74.00293,10,31%,27%,3%,38%,"82,313"
280,Ridgefield Memorial High School,Ridgefield,Ridgefield Public School District,5,N/A,4,40.830994,-73.99981,10,37%,23%,4%,36%,"91,863"
281,Bergenfield High School,Bergenfield,Bergenfield Borough School District,6,6,7,40.9251,-74.0074,12,11%,28%,9%,50%,"62,716"
282,Emerson Jr Sr High School,Emerson,Emerson School District,6,7,8,40.972645,-74.017525,9,79%,7%,1%,11%,"51,878"
283,Palisades Park Jr  Sr High School,Palisades Park,Palisades Park Board Of Education School District,3,4,4,40.8384,-73.9935,9,14%,40%,1%,43%,"53,874"
284,East Brunswick Vocational School,East Brunswick,Middlesex County Vocational And Technical School District,4,4,6,40.42208,-74.38601,12,50%,4%,8%,36%,"62,877"
285,Mdsx Co Voc Eb Career Development,East Brunswick,Middlesex County Vocational And Technical School District,2,1,3,40.42208,-74.38601,11,68%,1%,9%,22%,"68,160"
286,Pascack Valley High School,Hillsdale,Pascack Valley Regional High School District,6,6,9,41.009098,-74.029,12,83%,8%,1%,7%,"104,286"
287,Park Ridge High School,Park Ridge,Park Ridge Public School District,7,8,8,41.03467,-74.042725,10,77%,6%,1%,14%,"100,514"
288,Pascack Hills High School,Montvale,Pascack Valley Regional High School District,7,7,9,41.049545,-74.04959,12,77%,11%,1%,11%,"112,674"
289,Leonia High School,Leonia,Leonia Public School District,8,8,8,40.870995,-73.98842,9,32%,35%,6%,25%,"50,793"
290,Cliffside Park High School,Cliffside Park,Cliffside Park School District,4,4,3,40.821266,-73.98675,13,28%,2%,2%,68%,"79,630"
291,Dumont High School,Dumont,Dumont Board Of Education School District,7,8,8,40.943638,-73.99797,12,57%,13%,3%,24%,"79,842"
292,Dwight Morrow High,Englewood,Englewood Public School District,4,5,3,40.90738,-73.98328,12,10%,18%,32%,39%,"81,210"
293,South Brunswick High School,South Brunswick Township,South Brunswick School District,7,7,9,40.37381,-74.564095,13,28%,54%,8%,8%,"68,683"
294,Spotswood High School,Spotswood,Spotswood Public School District,6,6,7,40.398582,-74.38841,12,77%,4%,3%,14%,"77,109"
295,Fort Lee High School,Fort Lee,Fort Lee Public School District,7,7,9,40.85835,-73.96479,13,29%,41%,5%,25%,"77,431"
296,Phillipsburg High School,Phillipsburg,Phillipsburg School District,5,6,6,40.6978,-75.1914,14,66%,4%,13%,15%,"103,617"
297,Tenafly High School,Tenafly,Tenafly Public School District,9,9,10,40.933212,-73.96629,11,61%,30%,2%,6%,"76,277"
298,N Valley Reg H Demarest,Demarest,Northern Valley Regional High School District,8,8,10,40.962563,-73.97408,10,58%,29%,1%,7%,"85,748"
299,Northern Valley Region Iii,Demarest,Northern Valley Regional High School District,N/A,N/A,N/A,40.96338,-73.97229,N/A,66%,22%,1%,8%,"85,992"
300,Cresskill Jr Sr High School,Cresskill,Cresskill Public School District,7,7,9,40.948284,-73.96409,9,60%,32%,<1%,7%,"68,736"
301,N Valley Reg H Old Tappan,Old Tappan,Northern Valley Regional High School District,8,8,10,41.0101,-73.9795,11,66%,24%,1%,7%,"87,284"
302,Princeton High School,Princeton,Princeton Public School District,7,8,10,40.35726,-74.6555,13,55%,25%,6%,10%,"80,915"
303,Old Bridge High School,Matawan,Old Bridge Township School District,5,5,6,40.406914,-74.272064,12,60%,18%,9%,13%,"68,102"
304,Academy Learning Center,Monroe Township,Educational Services Commission Of New Jersey,N/A,N/A,N/A,40.353302,-74.41041,N/A,47%,23%,10%,19%,"60,398"
305,South Hunterdon High School,Lambertville,South Hunterdon Regional School District,5,6,9,40.3868,-74.892944,12,75%,<1%,8%,14%,"73,340"
306,Keyport High School,Keyport,Keyport Board Of Education School District,3,4,2,40.42841,-74.1962,8,64%,1%,7%,28%,"164,194"
307,Matawan Reg High School,Aberdeen Township,Matawan-Aberdeen Regional School District,6,7,6,40.411297,-74.22249,11,62%,6%,16%,15%,"69,022"
308,E S C School,Lambertville,Hunterdon County Educational Services Commission School District,N/A,N/A,N/A,40.38517,-74.91778,N/A,11%,<1%,78%,11%,"56,900"
309,Wwindsor  Plainsboro North,Plainsboro Township,West Windsor-Plainsboro Regional School District,8,8,9,40.322426,-74.60069,11,23%,63%,9%,4%,"74,986"
310,Monroe Twp High School,Monroe Township,Monroe Township Board Of Education School District,7,8,8,40.327946,-74.43589,12,58%,28%,4%,8%,"69,142"
311,Raritan High School,Hazlet,Hazlet Township Public School District,5,4,8,40.427525,-74.15131,12,84%,3%,2%,10%,"65,019"
312,Monmouth Cty Voc Tech High School,Hazlet,Monmouth County Vocational School District,N/A,N/A,N/A,40.42595,-74.15198,N/A,89%,N/A,N/A,11%,N/A
313,Keansburg High School,Keansburg,Keansburg School District,1,2,1,40.439953,-74.12386,8,58%,2%,16%,23%,"64,087"
314,Wwindsor  Plainsboro South,West Windsor Township,West Windsor-Plainsboro Regional School District,8,8,10,40.305588,-74.61871,13,27%,62%,5%,5%,"75,094"
315,Holmdel High School,Holmdel,Holmdel Township School District,7,7,9,40.381317,-74.17876,10,73%,17%,2%,5%,"61,883"
316,McVs Sypek Center Vocational School,Pennington,Area Vocational Technical School District Of Mercer County,N/A,N/A,N/A,40.28668,-74.76841,N/A,73%,<1%,9%,18%,N/A
317,Marlboro High School,Marlboro,Freehold Regional High School District,7,6,10,40.3288,-74.2473,15,74%,18%,1%,5%,"72,156"
318,Middletown - North High School,Middletown,Middletown Township Public School District,5,5,6,40.402332,-74.09758,13,87%,2%,3%,6%,"79,961"
319,Hightstown High School,Hightstown,East Windsor Regional School District,5,5,7,40.26085,-74.53129,12,37%,18%,11%,33%,"74,099"
320,Manalapan High School,Manalapan Township,Freehold Regional High School District,6,5,8,40.290073,-74.33518,15,81%,8%,2%,7%,"71,929"
321,Lawrence High School,Lawrenceville,Lawrence Township Public School District,6,6,7,40.266167,-74.73026,11,43%,18%,18%,18%,"69,391"
322,Marine Academy Sci & Tech,Highlands,Monmouth County Vocational School District,9,10,9,40.46028,-73.99969,11,89%,6%,<1%,3%,"75,785"
323,Mercer Jr  Sr High School,Hamilton Township,Mercer County Special Services School District,N/A,N/A,N/A,40.253033,-74.65875,N/A,27%,6%,47%,18%,"74,410"
324,N J Reg Day  Hamilton,Hamilton Township,Mercer County Special Services School District,N/A,N/A,N/A,40.251865,-74.65834,N/A,100,<1%,<1%,<1%,"84,871"
325,McVs Evening School,Trenton,Area Vocational Technical School District Of Mercer County,N/A,N/A,N/A,40.25112,-74.65412,N/A,N/A,N/A,N/A,N/A,N/A
326,McVs Assunpink Vocational School,Trenton,Area Vocational Technical School District Of Mercer County,N/A,N/A,N/A,40.249454,-74.654526,N/A,11%,2%,80%,7%,"65,403"
327,Academy/Full-Time Programs,Trenton,Area Vocational Technical School District Of Mercer County,8,8,10,40.249454,-74.654526,12,28%,31%,21%,19%,"58,144"
328,Middletown - South High School,Middletown,Middletown Township Public School District,6,6,7,40.36328,-74.11519,13,91%,2%,1%,5%,"77,880"
329,Robbinsville High School,Robbinsville Township,Robbinsville Public School District,7,7,9,40.238117,-74.61826,12,67%,24%,3%,5%,"51,798"
330,Ewing High School,Trenton,Ewing Township Public School District,3,3,5,40.25495,-74.79064,14,29%,4%,49%,15%,"68,847"
331,Marie High Katzenbach High School For The Deaf,Trenton,Marie H. Katzenbach School For The Deaf,N/A,N/A,N/A,40.252766,-74.812904,N/A,19%,4%,23%,53%,N/A
332,McVs Health Occupations Center,Hamilton,Area Vocational Technical School District Of Mercer County,N/A,N/A,N/A,40.23009,-74.70853,N/A,N/A,N/A,N/A,N/A,N/A
333,Hamilton North-Nottingham High School,Hamilton Township,Hamilton Township Public School District,3,4,3,40.229744,-74.70929,14,32%,4%,31%,30%,"59,640"
334,Accredited Evening High School,Hamilton,Hamilton Township Public School District,N/A,N/A,N/A,40.22959,-74.70861,N/A,N/A,N/A,N/A,N/A,N/A
335,Freehold Borough High School,Freehold,Freehold Regional High School District,5,5,8,40.267727,-74.268364,14,53%,9%,9%,28%,"69,346"
336,High Technology High School,Middletown,Monmouth County Vocational School District,10,10,10,40.324745,-74.12868,12,40%,53%,2%,2%,"72,009"
337,Hamilton East-Steinert High School,Hamilton Township,Hamilton Township Public School District,4,4,7,40.216232,-74.66182,13,77%,5%,6%,10%,"64,825"
338,Trenton Central High School West,Trenton,Trenton Public School District,1,2,1,40.232258,-74.79247,9,1%,1%,34%,64%,"65,872"
339,Daylight  Twilight High School,Trenton,Trenton Public School District,1,1,1,40.22845,-74.780334,9,<1%,<1%,41%,59%,"71,700"
340,Biotechnology High School,Freehold,Monmouth County Vocational School District,10,10,10,40.26119,-74.25104,14,48%,49%,1%,2%,"70,171"
341,Colts Neck High School,Colts Neck,Freehold Regional High School District,5,5,7,40.27628,-74.20895,13,76%,10%,2%,11%,"65,435"
342,Monmouth Cty Career Cent,Freehold,Monmouth County Vocational School District,N/A,N/A,N/A,40.26109,-74.24921,N/A,50%,<1%,33%,<1%,N/A
343,Henry Hudson Reg School,Highlands,Henry Hudson Regional School District,5,6,6,40.3937,-73.9858,8,84%,2%,5%,8%,"56,015"
344,Trenton Central High School,Trenton,Trenton Public School District,2,2,1,40.211926,-74.74552,10,1%,<1%,53%,45%,"71,120"
345,Red Bank Reg High School,Little Silver,Red Bank Regional School District,6,7,8,40.349686,-74.03888,14,60%,2%,6%,31%,"76,785"
346,Rumson Fair Haven Reg High School,Rumson,Rumson-Fair Haven Regional High School District,6,6,9,40.369236,-74.001915,12,93%,1%,<1%,3%,"68,921"
347,Hamilton West-Watson High School,Hamilton Township,Hamilton Township Public School District,3,3,3,40.19906,-74.72336,12,38%,3%,21%,36%,"65,111"
348,Monmouth Reg High School,Tinton Falls,Monmouth Regional School District,4,5,5,40.303776,-74.09105,8,52%,8%,18%,17%,"65,729"
349,Class Academy,Tinton Falls,Monmouth County Vocational School District,N/A,N/A,N/A,40.30362,-74.09013,N/A,51%,<1%,35%,14%,"82,624"
350,Freehold Twp High School,Freehold,Freehold Regional High School District,5,5,7,40.22015,-74.28264,15,75%,7%,5%,11%,"69,422"
351,Allentown High School,Allentown,Upper Freehold Regional School District,6,6,8,40.173203,-74.586876,13,88%,3%,4%,4%,"67,680"
352,Regional Alternative School,Tinton Falls,Monmouth-Ocean Educational Services Commission School District,N/A,N/A,N/A,40.270157,-74.08053,N/A,37%,<1%,30%,30%,"66,141"
353,Developmental Learning,Tinton Falls,Bayshore Jointure Commission School District,N/A,N/A,N/A,40.270157,-74.08053,N/A,65%,5%,15%,15%,"50,163"
354,Bordentown Reg High School,Bordentown,Bordentown Regional School District,4,4,4,40.1546,-74.6839,14,64%,10%,16%,10%,"66,612"
355,Shore Reg High School,West Long Branch,Shore Regional High School District,5,6,6,40.29552,-74.022514,11,86%,2%,1%,9%,"91,022"
356,New Egypt High School,Plumsted Township,Plumsted Township Board Of Education School District,5,6,6,40.080208,-74.52922,13,89%,1%,2%,8%,"77,302"
357,N Burl Co Reg High School,Mansfield,Northern Burlington County Regional School District,5,5,7,40.0882,-74.6856,13,66%,10%,10%,11%,"55,278"
358,Florence Twp Mem High School,Bordentown,Florence Township School District,5,6,4,40.101738,-74.79449,13,59%,12%,21%,6%,"63,040"
359,Pemberton Twp High School,Pemberton,Pemberton Township School District,2,2,2,39.9928,-74.68583,11,53%,2%,30%,14%,"45,819"
360,Jackson Memorial High School,Jackson Township,Jackson Township School District,4,4,6,40.10718,-74.34573,13,83%,3%,6%,7%,"49,494"
361,Jackson Center Vocational School,Jackson Township,Ocean County Vocational Technical School District,N/A,N/A,N/A,40.058594,-74.354805,N/A,<1%,<1%,<1%,100,N/A
362,N J Reg Day  Jackson,Jackson Township,Manchester Township School District,N/A,N/A,N/A,40.057007,-74.35444,N/A,71%,3%,12%,12%,"71,141"
363,Burlington Twp High School,Burlington,Burlington Township Board Of Education School District,4,3,5,40.064137,-74.83536,12,45%,10%,34%,8%,"61,991"
364,Burlington City High School,Burlington,Burlington City  Public School District,3,3,3,40.070133,-74.85164,9,34%,3%,50%,11%,"64,116"
365,Rancocas Valley Reg High School,Mount Holly,Rancocas Valley Regional High School District,5,6,5,40.002514,-74.78299,13,56%,7%,25%,11%,"73,675"
366,Burlington Co Spec School  Wc,Westampton,Burlington County Special Services School District,N/A,N/A,N/A,40.01629,-74.81507,N/A,43%,4%,37%,12%,"116,180"
367,Inst of Tech-Evening Vocational,Westampton Township,Burlington County Institute Of Technology School District,N/A,N/A,N/A,40.0178,-74.822,N/A,N/A,N/A,N/A,N/A,N/A
368,Inst Of Tech  Westampton,Westampton,Burlington County Institute Of Technology School District,5,5,4,40.01816,-74.82329,13,22%,2%,51%,17%,"78,969"
369,Burlington Trans Ed Center,Westampton,Office Of Education Department Of Children And Families School District,N/A,N/A,N/A,40.013,-74.8224,N/A,N/A,N/A,N/A,N/A,N/A
370,Performing Arts Academy,Lakehurst,Ocean County Vocational Technical School District,7,7,8,40.0284,-74.3169,10,84%,1%,4%,9%,"64,744"
371,Ocvts  Navy Lakehrst Center,Lakehurst,Ocean County Vocational Technical School District,N/A,N/A,N/A,40.0279,-74.3106,N/A,100,<1%,<1%,<1%,N/A
372,Jackson Liberty High School,Jackson Township,Jackson Township School District,3,4,4,40.08931,-74.26146,12,75%,4%,8%,13%,"44,481"
373,Manchester High School,Manchester Township,Manchester Township School District,2,2,4,40.005573,-74.31017,12,67%,5%,12%,15%,"64,724"
374,Willingboro High School,Willingboro,Willingboro Public School District,1,1,2,40.017063,-74.885925,9,2%,1%,91%,5%,"69,437"
375,Burlington County Alternative High School,Mount Laurel Township,Burlington County Special Services School District,N/A,N/A,N/A,39.973,-74.898,N/A,69%,3%,19%,6%,"51,298"
376,Lakewood High School,Lakewood Township,Lakewood Township School District,2,2,2,40.09927,-74.19314,12,5%,<1%,12%,82%,"52,996"
377,Howell High School,Howell Township,Freehold Regional High School District,5,5,8,40.18623,-74.17905,15,84%,3%,4%,8%,"70,543"
378,Riverside High School,Riverside,Riverside Township School District,2,1,3,40.03408,-74.95531,11,61%,1%,19%,18%,"49,520"
379,Delran High School,Delran,Delran Township School District,4,4,4,40.01329,-74.94406,12,73%,3%,11%,11%,"82,098"
380,Lumberton Campus,Lumberton,Burlington County Special Services School District,N/A,N/A,N/A,39.9325,-74.8527,N/A,19%,<1%,59%,22%,"67,705"
381,Inst Of Tech  Medford Camp,Medford,Burlington County Institute Of Technology School District,4,3,6,39.89439,-74.802666,12,57%,1%,19%,15%,"75,745"
382,Lenape High School,Medford,Lenape Regional High School District,6,6,8,39.920864,-74.85455,11,61%,12%,18%,7%,"84,526"
383,Moorestown High School,Moorestown,Moorestown Township School District,8,7,10,39.985756,-74.94461,12,73%,12%,7%,5%,"110,345"
384,Seneca High School,Tabernacle,Lenape Regional High School District,5,5,7,39.857338,-74.7178,10,91%,1%,3%,4%,"80,436"
385,Brick Center Vocational School,Brick Township,Ocean County Vocational Technical School District,N/A,N/A,N/A,40.0729,-74.154175,N/A,18%,N/A,18%,64%,N/A
386,Brick Twp High School,Brick Township,Brick Township Public School District,4,5,4,40.07318,-74.153175,11,75%,3%,4%,17%,"67,831"
387,Shawnee High School,Medford,Lenape Regional High School District,6,6,9,39.85559,-74.77537,12,89%,4%,2%,5%,"77,719"
388,Cinnaminson High School,Cinnaminson,Cinnaminson Township Public School District,6,7,6,40.00753,-74.9964,12,79%,3%,8%,6%,"70,221"
389,Toms River Center Vocational School,Toms River,Ocean County Vocational Technical School District,N/A,N/A,N/A,39.985264,-74.19622,N/A,18%,<1%,6%,76%,N/A
390,Brick Twp Memorial High School,Brick Township,Brick Township Public School District,4,5,5,40.104412,-74.12911,13,79%,2%,8%,10%,"65,201"
391,Toms River High - North High School,Toms River,Toms River Regional School District,5,6,6,39.982315,-74.19187,15,69%,7%,6%,15%,"64,641"
392,Toms River High - South High School,Toms River,Toms River Regional School District,4,5,5,39.95588,-74.19526,13,72%,2%,8%,14%,"65,138"
393,Palmyra High School,Palmyra,Palmyra Public School District,2,3,3,40.00257,-75.028,9,55%,3%,22%,14%,"66,959"
394,Delaware Avenue Elementary School,Palmyra,Palmyra Public School District,N/A,N/A,N/A,40.0032,-75.0291,N/A,56%,N/A,22%,17%,N/A
395,Pennsauken High School,Pennsauken Township,Pennsauken Township Board Of Education School District,2,2,2,39.98696,-75.02619,15,10%,12%,31%,46%,"87,039"
396,Cherokee High School,Evesham Township,Lenape Regional High School District,6,6,8,39.873837,-74.89945,12,80%,8%,7%,4%,"102,073"
397,Maple Shade High School,Maple Shade Township,Maple Shade School District,3,4,2,39.947773,-75.00607,12,61%,4%,13%,20%,"53,705"
398,Communications High School,Wall Township,Monmouth County Vocational School District,9,9,10,40.169903,-74.06205,11,87%,7%,1%,4%,"67,153"
399,Toms River High - East High School,Toms River,Toms River Regional School District,5,6,4,39.964977,-74.14191,13,83%,3%,3%,9%,"63,190"
400,Wall High School,Wall Township,Wall Township Public School District,6,7,7,40.169407,-74.0607,9,89%,1%,2%,6%,"57,669"
401,Alternative High School,Cherry Hill,Cherry Hill Township School District,N/A,N/A,N/A,39.914295,-74.99109,N/A,61%,N/A,28%,6%,"20,208"
402,Point Pleasant High School,Point Pleasant,Point Pleasant Borough Board Of Education School District,6,7,6,40.0782,-74.0728,11,89%,<1%,1%,8%,"61,898"
403,Central Regional High School,Berkeley Township,Central Regional School District,3,4,3,39.889423,-74.21059,14,70%,2%,7%,17%,"72,103"
404,Cherry Hill High-West High School,Cherry Hill,Cherry Hill Township School District,4,3,6,39.929646,-75.02004,13,56%,11%,12%,18%,"58,180"
405,Cherry Hill High-East High School,Cherry Hill,Cherry Hill Township School District,8,8,9,39.876667,-74.964165,16,62%,23%,6%,6%,"65,804"
406,Manasquan High School,Manasquan,Manasquan School District,6,6,7,40.127686,-74.049194,13,86%,2%,2%,10%,"95,726"
407,Point Pleasant Bch High School,Point Pleasant Beach,Point Pleasant Beach Board Of Education School District,7,8,8,40.088863,-74.05216,13,90%,2%,1%,7%,"58,644"
408,Academy Allied Health & Sci,Neptune City,Monmouth County Vocational School District,10,10,10,40.214684,-74.03782,12,65%,27%,3%,3%,"81,452"
409,Neptune High School,Neptune City,Neptune Township School District,2,3,2,40.212643,-74.036255,17,23%,2%,50%,22%,"54,235"
410,Haddonfield Memorial High School,Haddonfield,Haddonfield Board Of Education School District,8,8,10,39.90195,-75.02643,11,90%,5%,2%,2%,"74,632"
411,Camden County Techical Vocational School,Pennsauken Township,Camden County Technical School District,3,3,4,39.938313,-75.06409,13,3%,3%,25%,67%,"74,493"
412,Ocean Twp High School,Ocean Township,Township Of Ocean School District,5,4,6,40.267372,-74.03007,13,62%,9%,13%,15%,"82,149"
413,Eastern High School,Voorhees Township,Eastern Camden County Regional School District,6,6,8,39.849155,-74.96682,14,62%,16%,10%,8%,"70,479"
414,Lacey Twp High School,Lacey Township,Lacey Township School District,4,4,4,39.860676,-74.19486,13,89%,1%,1%,8%,"80,717"
415,Woodrow Wilson High School,Camden,Camden City Public School District,1,1,1,39.94662,-75.077515,12,1%,1%,29%,69%,"68,118"
416,Asbury Park High School,Asbury Park,Asbury Park School District,1,1,1,40.228497,-74.013176,7,2%,N/A,65%,34%,"70,518"
417,Haddon Twp High School,Haddon Township,Haddon Township School District,7,6,8,39.904915,-75.057076,12,83%,3%,3%,9%,"91,616"
418,Cherry Hill Tran-Education Center,Cherry Hill,Office Of Education Department Of Children And Families School District,N/A,N/A,N/A,39.860985,-75.01338,N/A,20%,<1%,<1%,80%,N/A
419,Cherry Hill Transportation Education Program(Tep),Cherry Hill,Office Of Education Department Of Children And Families School District,N/A,N/A,N/A,39.860573,-75.01343,N/A,N/A,N/A,N/A,N/A,N/A
420,Collingswood Sr High School,Collingswood,Collingswood Public School District,4,5,5,39.91276,-75.07732,10,50%,5%,20%,21%,"77,421"
421,Camden High School,Camden,Camden City Public School District,1,1,1,39.93552,-75.098175,10,1%,N/A,73%,25%,"88,767"
422,Haddon Heights Jr  Sr High School,Haddon Heights,Haddon Heights School District,4,6,4,39.88413,-75.0502,10,68%,2%,17%,9%,"66,108"
423,Met East High School,Camden,Camden City Public School District,1,1,1,39.930923,-75.09534,8,N/A,N/A,71%,29%,"59,490"
424,Brimm Medical Arts High School,Camden,Camden City Public School District,4,3,6,39.9237,-75.09534,11,N/A,2%,59%,38%,"69,636"
425,Lindenwold High School,Lindenwold,Lindenwold Board Of Education School District,2,2,1,39.82061,-74.97554,12,11%,3%,38%,47%,"54,940"
426,Ocean Center Vocational School,Ocean Township,Ocean County Vocational Technical School District,4,3,6,39.795715,-74.24645,5,83%,<1%,4%,11%,"58,529"
427,Academy Of Law & Public Safety,Long Branch,Monmouth County Vocational School District,N/A,N/A,N/A,40.288235,-73.992096,N/A,73%,N/A,6%,20%,"63,423"
428,Long Branch High School,Long Branch,Long Branch Public School District,3,3,3,40.290276,-73.99011,13,25%,1%,21%,52%,"35,428"
429,Audubon High School,Audubon,Audubon Public School District,4,5,5,39.884483,-75.07576,12,84%,2%,4%,8%,"67,488"
430,Sterling High School,Somerdale,Sterling School District,4,4,5,39.83607,-75.02589,14,62%,5%,19%,11%,"80,015"
431,Morgan Village Middle School,Camden,Camden City Public School District,3,2,3,39.913002,-75.10974,10,<1%,<1%,70%,30%,"72,130"
432,Barnegat High School,Barnegat Township,Barnegat Township School District,4,4,4,39.772987,-74.234634,13,75%,2%,9%,11%,"47,016"
433,Triton High School,Runnemede,Black Horse Pike Regional School District,3,3,3,39.84938,-75.06228,13,71%,8%,9%,11%,"68,424"
434,Overbrook High School,Pine Hill,Pine Hill Borough Board Of Education School District,2,2,3,39.77783,-74.965996,11,51%,4%,28%,14%,"68,752"
435,Gloucester City Jr Sr High School,Gloucester City,Gloucester City Public School District,4,4,3,39.885166,-75.11096,11,71%,4%,10%,14%,"70,292"
436,Winslow Twp High School,Atco,Winslow Township School District,2,3,2,39.74541,-74.90708,10,18%,3%,64%,13%,"74,730"
437,Gloucester City Adult High School,Gloucester City,Gloucester City Public School District,N/A,N/A,N/A,39.883747,-75.11402,N/A,N/A,N/A,N/A,N/A,N/A
438,Camden Countytechnical Vocational School,Sicklerville,Camden County Technical School District,5,5,6,39.76508,-74.97585,10,39%,2%,29%,26%,"73,823"
439,Highland High School,Blackwood,Black Horse Pike Regional School District,3,3,4,39.801304,-75.04881,14,55%,7%,28%,10%,"65,868"
440,Marine Academy of Technology and Environmental Science,Stafford Township,Ocean County Vocational Technical School District,9,N/A,10,39.716278,-74.25567,15,80%,12%,1%,5%,"60,949"
441,Timber Creek High School,Erial,Black Horse Pike Regional School District,3,4,3,39.761868,-75.01786,14,52%,5%,35%,7%,"68,144"
442,Southern Reg High School,Stafford Township,Southern Regional School District,5,5,6,39.711823,-74.25388,14,90%,1%,2%,7%,"103,854"
443,Deptford Twp High School,Deptford Township,Deptford Township Public School District,4,3,5,39.81183,-75.11081,13,56%,6%,25%,14%,"71,196"
444,New Sharon,Deptford Township,Deptford Township Public School District,N/A,N/A,N/A,39.81183,-75.11081,N/A,67%,13%,7%,7%,"67,755"
445,West Deptford High School,West Deptford,West Deptford Township Public School District,4,4,5,39.85494,-75.16182,16,77%,2%,9%,8%,"99,806"
446,Hammonton High School,Hammonton,Hammonton School District,5,7,3,39.656506,-74.807304,14,74%,1%,3%,19%,"62,799"
447,Woodbury Jr  Sr High School,Woodbury,Woodbury City Public School District,3,3,3,39.83979,-75.15367,12,31%,2%,43%,21%,"80,053"
448,Gateway Reg High School,Woodbury Heights,Gateway Regionalschool District,4,4,6,39.8174,-75.1403,12,81%,2%,6%,9%,"75,005"
449,Bankbridge Regional School,Deptford Township,Gloucester County Special Services School District,N/A,N/A,N/A,39.79088,-75.117714,N/A,58%,2%,23%,13%,"59,935"
450,Gloucester Co Inst Tech,Deptford Township,Gloucester County Vocational-Technical School District,8,7,8,39.788223,-75.12347,14,79%,4%,6%,6%,"71,465"
451,Adult Regional High School,Sewell,Gloucester County Vocational-Technical School District,N/A,N/A,N/A,39.7894,-75.1262,N/A,N/A,N/A,N/A,N/A,N/A
452,Washington Twp High School,Washington Township,Washington Township School District,4,4,6,39.7422,-75.07673,12,80%,6%,8%,5%,"71,070"
453,Williamstown High School,Monroe Township,Monroe Township Public School District,3,3,4,39.68225,-75.01055,13,66%,3%,20%,8%,"59,281"
454,Pinelands Reg High School,Little Egg Harbor Township,Pinelands Regional School District,4,4,5,39.60988,-74.35967,10,86%,2%,2%,9%,"73,803"
455,Pitman High School,Pitman,Pitman Boro Public School District,5,5,5,39.740635,-75.12708,10,89%,3%,3%,3%,"64,905"
456,Paulsboro High School,Paulsboro,Paulsboro Public School District,1,1,2,39.83687,-75.244804,8,38%,1%,49%,10%,"65,933"
457,Glassboro High School,Glassboro,Glassboro Public School District,3,3,5,39.71587,-75.1214,11,46%,3%,35%,10%,"78,678"
458,Ocean County Vocational Technical School Culinary,Little Egg Harbor Township,Ocean County Vocational Technical School District,N/A,N/A,N/A,39.577316,-74.35616,N/A,N/A,N/A,N/A,N/A,N/A
459,Cedar Creek High School,Egg Harbor City,Greater Egg Harbor Regional High School District,4,5,5,39.55176,-74.62804,12,62%,3%,14%,20%,"95,948"
460,Clearview Reg High School,Mullica Hill,Clearview Regional High School District,6,6,7,39.750847,-75.20649,14,84%,4%,6%,4%,"66,991"
461,Clayton High School,Clayton,Clayton Public School District,4,4,4,39.663425,-75.08478,11,50%,3%,27%,12%,"53,584"
462,Delsea Regional High School,Franklin,Delsea Regional High School District,5,5,6,39.60835,-75.065315,13,76%,2%,12%,7%,"69,237"
463,Kingsway Reg High School,Woolwich Township,Kingsway Regional School District,6,5,8,39.761013,-75.29074,14,75%,5%,12%,6%,"51,010"
464,Buena Regional High School,Buena,Buena Regional School District,3,4,3,39.53639,-74.91878,11,57%,1%,17%,25%,"59,498"
465,Absegami High School,Galloway,Greater Egg Harbor Regional High School District,4,5,4,39.480724,-74.51611,12,43%,15%,16%,22%,"104,630"
466,Vineland Preparatory Academy,Vineland,Office Of Education Juvenile Justice Commission School District,N/A,N/A,N/A,39.492558,-74.987976,N/A,12%,N/A,76%,12%,"83,804"
467,Vineland High,Vineland,City Of Vineland Board Of Education School District,2,3,2,39.4775,-74.9725,14,24%,3%,19%,54%,"77,411"
468,Atlantic Cty Inst Of Tech,Hamilton Township,Atlantic County Vocational School District,6,5,8,39.44229,-74.696556,14,34%,5%,21%,37%,"59,681"
469,Oakcrest High School,Hamilton Township,Greater Egg Harbor Regional High School District,3,3,3,39.454792,-74.675545,10,41%,6%,31%,19%,"105,045"
470,Atlantic Co High School,Hamilton Township,Atlantic County Special Services School District,N/A,N/A,N/A,39.43807,-74.694016,N/A,42%,9%,24%,23%,"78,996"
471,Atlantic County Alternative High School,Hamilton Township,Atlantic County Vocational School District,N/A,N/A,N/A,39.43807,-74.694016,N/A,2%,2%,41%,55%,"54,133"
472,Cumberland Co Tech Ed Center,Vineland,Cumberland County Board Of Vocational Education School District,8,8,N/A,39.435207,-75.0552,20,49%,1%,13%,34%,"79,562"
473,Millville Senior High School,Millville,Millville Board Of Education School District,3,3,4,39.39915,-75.01983,11,50%,1%,30%,19%,"67,856"
474,Arthur P Schalick High School,Pittsgrove Township,Pittsgrove Township Board Of Education School District,4,4,6,39.528843,-75.16311,12,73%,1%,10%,11%,"62,803"
475,Egg Harbor Twp High School,Egg Harbor Township,Egg Harbor Township School District,5,5,7,39.394775,-74.62852,12,45%,16%,12%,25%,"68,684"
476,Pleasantville High School,Pleasantville,Pleasantville Public School District,1,1,2,39.40636,-74.52615,11,1%,1%,35%,62%,"87,018"
477,Daretown School,Elmer,Salem County Special Services School District,N/A,N/A,N/A,39.607155,-75.25331,N/A,38%,<1%,41%,17%,N/A
478,Cumberland Reg High School,Bridgeton,Cumberland Regional School District,3,3,3,39.474888,-75.220375,14,48%,2%,23%,23%,"60,893"
479,Mainland Reg High School,Linwood,Mainland Regional High School District,6,6,7,39.346775,-74.57744,12,69%,5%,6%,15%,"79,857"
480,Bridgeton High School,Bridgeton,Bridgeton Public School District,2,2,1,39.437035,-75.24294,10,6%,<1%,25%,68%,"55,917"
481,Cumberland Campus,Bridgeton,Salem County Special Services School District,N/A,N/A,N/A,39.381104,-75.21846,N/A,30%,<1%,34%,35%,N/A
482,Atlantic City High School,Atlantic City,Atlantic City Public School District,2,3,2,39.366993,-74.47706,13,14%,20%,29%,36%,"70,992"
483,Woodstown High School,Woodstown,Woodstown-Pilesgrove Regional School District,5,5,8,39.650646,-75.32153,14,78%,2%,10%,7%,"54,139"
484,Ocean City High School,Ocean City,Ocean City School District,6,6,8,39.2798,-74.56738,13,91%,1%,2%,5%,"90,479"
485,Salem Campus,Woodstown,Salem County Special Services School District,N/A,N/A,N/A,39.624603,-75.36534,N/A,47%,2%,26%,22%,N/A
486,Salem Co Career&Tech High School,Woodstown,Salem County Vocational Technical School District,5,5,5,39.62872,-75.366776,21,82%,1%,7%,6%,"56,420"
487,Penns Grove High School,Penns Grove,Penns Grove-Carneys Point Regional School District,1,1,2,39.71583,-75.458,11,26%,N/A,39%,35%,"69,163"
488,Alternative Middle And High School,Carneys Point Township,Salem County Special Services School District,N/A,N/A,N/A,39.69921,-75.46987,N/A,30%,<1%,37%,30%,"60,000"
489,Salem High School,Salem,Salem City Board Of Education School District,2,2,3,39.560764,-75.48364,8,24%,N/A,63%,11%,"71,338"
490,Cape May Co Tech High School,Middle Township,Cape May County Technical High School District,5,4,6,39.10458,-74.79846,9,83%,2%,3%,10%,"68,255"
491,Evening High School,Cape May Court House,Cape May County Technical High School District,N/A,N/A,N/A,39.1045,-74.795815,N/A,N/A,N/A,N/A,N/A,N/A
492,Evening Vocational Technical School,Cape May Court House,Cape May County Technical High School District,N/A,N/A,N/A,39.1045,-74.795815,N/A,N/A,N/A,N/A,N/A,N/A
493,Cape May County High School,Middle Township,Cape May County Special Services School District,N/A,N/A,N/A,39.101467,-74.79922,N/A,86%,N/A,7%,7%,"81,914"
494,Pennsville Memorial High School,Pennsville,Pennsville Public School District,2,2,3,39.651093,-75.51789,9,88%,1%,2%,5%,"62,405"
495,Middle Twp High School,Middle Township,Middle Township Public School District,3,3,3,39.075382,-74.81931,12,66%,2%,17%,13%,"63,394"
496,Wildwood High School,Wildwood,Wildwood City Board Of Education School District,2,2,2,38.985737,-74.81973,6,34%,<1%,14%,52%,"51,579"
497,Lower Cape May Reg High School,Cape May,Lower Cape May Regional School District,3,4,4,38.977085,-74.90399,11,84%,1%,5%,8%,"80,074"
